Tue, 10 Dec 2024 16:45:01 GMT	"5185edc-628ed33cf1836"
Wed, 11 Dec 2024 07:45:01 GMT	"518d9ea-628f9c6769f49"
Wed, 11 Dec 2024 08:45:01 GMT	"518c849-628fa9d0762f8"
Wed, 11 Dec 2024 09:45:01 GMT	"518c010-628fb739b53c2"
Wed, 11 Dec 2024 10:45:01 GMT	"518cb1d-628fc4a2b0f0c"
Wed, 11 Dec 2024 11:45:01 GMT	"518dcbc-628fd20bf0021"
Wed, 11 Dec 2024 12:45:02 GMT	"518de53-628fdf75d4601"
Wed, 11 Dec 2024 13:45:01 GMT	"5186540-628fecdeafe77"
Wed, 11 Dec 2024 14:45:01 GMT	"51876e1-628ffa47e91ac"
Wed, 11 Dec 2024 15:45:01 GMT	"518d3f6-629007b0b9da4"
Wed, 11 Dec 2024 16:45:02 GMT	"518e533-6290151ab55ef"
Wed, 11 Dec 2024 17:45:01 GMT	"518e533-62902283b7dd7"
Wed, 11 Dec 2024 18:45:01 GMT	"518d392-62902feccd1e7"
Wed, 11 Dec 2024 19:45:01 GMT	"518e533-62903d55a6c43"
Wed, 11 Dec 2024 20:45:01 GMT	"518d384-62904abeff41b"
Wed, 11 Dec 2024 21:45:01 GMT	"5190577-6290582838617"
Wed, 11 Dec 2024 22:45:01 GMT	"5190577-62906591497f4"
Wed, 11 Dec 2024 23:45:02 GMT	"518f3d6-629072fb29ba4"
Thu, 12 Dec 2024 00:45:02 GMT	"5190577-629080651c737"
Thu, 12 Dec 2024 01:45:02 GMT	"518f3d6-62908dce3769e"
Thu, 12 Dec 2024 02:45:01 GMT	"5190577-62909b369ba68"
Thu, 12 Dec 2024 03:45:01 GMT	"5190577-6290a89fd68ff"
Thu, 12 Dec 2024 04:45:01 GMT	"518f3d6-6290b608a04b8"
Thu, 12 Dec 2024 05:45:01 GMT	"5190577-6290c372244fb"
Thu, 12 Dec 2024 06:45:02 GMT	"518f3d6-6290d0dbfb789"
Thu, 12 Dec 2024 07:45:01 GMT	"5190577-6290de4489856"
Thu, 12 Dec 2024 08:45:01 GMT	"5190577-6290ebae2b07c"
Thu, 12 Dec 2024 09:45:02 GMT	"5190907-6290f9178c06d"
Thu, 12 Dec 2024 10:45:01 GMT	"5190907-629106802dccf"
Thu, 12 Dec 2024 11:45:01 GMT	"5191aa8-629113e94ea2c"
Thu, 12 Dec 2024 12:45:01 GMT	"5190907-629121531371a"
Thu, 12 Dec 2024 13:45:01 GMT	"519772d-62912ebc10073"
Thu, 12 Dec 2024 14:45:02 GMT	"51988c6-62913c25a4f31"
Thu, 12 Dec 2024 15:45:01 GMT	"519a520-6291498e70853"
Thu, 12 Dec 2024 16:45:01 GMT	"519937f-629156f76916b"
Thu, 12 Dec 2024 17:45:02 GMT	"519cd65-62916461464bc"
Thu, 12 Dec 2024 18:45:01 GMT	"519cd65-629171ca23a8b"
Thu, 12 Dec 2024 19:45:02 GMT	"519bd10-62917f33b67dd"
Thu, 12 Dec 2024 20:45:01 GMT	"519acd2-62918c9c2f062"
Thu, 12 Dec 2024 21:45:01 GMT	"5199b31-62919a05e6d23"
Thu, 12 Dec 2024 22:45:01 GMT	"519acd2-6291a76eae787"
Thu, 12 Dec 2024 23:45:01 GMT	"519acd2-6291b4d823f28"
Fri, 13 Dec 2024 00:45:01 GMT	"5199b31-6291c241a4169"
Fri, 13 Dec 2024 01:45:03 GMT	"519acd2-6291cfac0a144"
Fri, 13 Dec 2024 02:45:01 GMT	"5199b31-6291dd13f1380"
Fri, 13 Dec 2024 03:45:01 GMT	"519acd2-6291ea7cd9b75"
Fri, 13 Dec 2024 04:45:01 GMT	"519acd2-6291f7e65c527"
Fri, 13 Dec 2024 05:45:01 GMT	"5199b31-6292054f9bc09"
Fri, 13 Dec 2024 06:45:02 GMT	"519acd2-629212b93b055"
Fri, 13 Dec 2024 07:45:01 GMT	"5199b31-62922021fd800"
Fri, 13 Dec 2024 08:45:02 GMT	"519acd2-62922d8bae712"
Fri, 13 Dec 2024 09:45:01 GMT	"51992b6-62923af474ffa"
Fri, 13 Dec 2024 10:45:02 GMT	"519810d-6292485e51f73"
Fri, 13 Dec 2024 11:45:01 GMT	"519a98c-629255c72149a"
Fri, 13 Dec 2024 12:45:01 GMT	"519baee-6292632ff28a2"
Fri, 13 Dec 2024 13:45:02 GMT	"519a94d-62927099e9ac9"
Fri, 13 Dec 2024 14:45:01 GMT	"519a94d-62927e02e363a"
Fri, 13 Dec 2024 15:45:01 GMT	"519baee-62928b6bba17b"
Fri, 13 Dec 2024 16:45:01 GMT	"519968b-629298d531ee8"
Fri, 13 Dec 2024 17:45:02 GMT	"519a827-6292a63ec7c06"
Fri, 13 Dec 2024 18:45:01 GMT	"5199674-6292b3a772227"
Fri, 13 Dec 2024 19:45:01 GMT	"5199674-6292c110737b0"
Fri, 13 Dec 2024 20:45:01 GMT	"51996b4-6292ce7a0a461"
Fri, 13 Dec 2024 21:45:01 GMT	"5198513-6292dbe326142"
Fri, 13 Dec 2024 22:45:02 GMT	"51996b4-6292e94d0fe95"
Fri, 13 Dec 2024 23:45:01 GMT	"5198513-6292f6b5b4713"
Sat, 14 Dec 2024 00:45:02 GMT	"5198513-6293041f6a6f9"
Sat, 14 Dec 2024 01:45:02 GMT	"519d9ac-62931189278f4"
Sat, 14 Dec 2024 02:45:01 GMT	"519bf50-62931ef198a78"
Sat, 14 Dec 2024 03:45:01 GMT	"519adaf-62932c5a43dea"
Sat, 14 Dec 2024 04:45:01 GMT	"519bf50-629339c3c605a"
Sat, 14 Dec 2024 05:45:01 GMT	"519bf50-6293472d4333c"
Sat, 14 Dec 2024 06:45:01 GMT	"519adaf-629354967c01a"
Sat, 14 Dec 2024 07:45:02 GMT	"519bf50-629361fffbf73"
Sat, 14 Dec 2024 08:45:01 GMT	"519adaf-62936f6878101"
Sat, 14 Dec 2024 09:45:01 GMT	"519bf50-62937cd1d11b7"
Sat, 14 Dec 2024 10:45:01 GMT	"519bf50-62938a3b2cfd3"
Sat, 14 Dec 2024 11:45:01 GMT	"519adaf-629397a4b5f46"
Sat, 14 Dec 2024 12:45:01 GMT	"519bf50-6293a50d6b27f"
Sat, 14 Dec 2024 13:45:01 GMT	"51958f2-6293b276ddc41"
Sat, 14 Dec 2024 14:45:01 GMT	"5196a93-6293bfe00231e"
Sat, 14 Dec 2024 15:45:01 GMT	"5196a93-6293cd4948073"
Sat, 14 Dec 2024 16:45:01 GMT	"51958f2-6293dab2a3566"
Sat, 14 Dec 2024 17:45:02 GMT	"5196a93-6293e81c335df"
Sat, 14 Dec 2024 18:45:01 GMT	"51958f2-6293f584c1901"
Sat, 14 Dec 2024 19:45:01 GMT	"5196a93-629402ee2f708"
Sat, 14 Dec 2024 20:45:01 GMT	"5196a93-62941057b7c33"
Sat, 14 Dec 2024 21:45:01 GMT	"51958f2-62941dc0c6882"
Sat, 14 Dec 2024 22:45:01 GMT	"5196a93-62942b29a27a7"
Sat, 14 Dec 2024 23:45:02 GMT	"51958f2-62943893a353b"
Sun, 15 Dec 2024 00:45:01 GMT	"5196a93-629445fc9d0ff"
Sun, 15 Dec 2024 01:45:04 GMT	"5196a93-629453685f0f2"
Sun, 15 Dec 2024 02:45:02 GMT	"51958f2-629460cf5e135"
Sun, 15 Dec 2024 03:45:01 GMT	"51958f2-62946e37ccb84"
Sun, 15 Dec 2024 04:45:01 GMT	"5196a93-62947ba12c8c4"
Sun, 15 Dec 2024 05:45:01 GMT	"51958f2-6294890aa4c97"
Sun, 15 Dec 2024 06:45:01 GMT	"51958f2-6294967383bc0"
Sun, 15 Dec 2024 07:45:01 GMT	"5196a93-6294a3dd2702d"
Sun, 15 Dec 2024 08:45:01 GMT	"51958f2-6294b14689bf6"
Sun, 15 Dec 2024 09:45:02 GMT	"5196a93-6294beaff35cd"
Sun, 15 Dec 2024 10:45:01 GMT	"51958f2-6294cc186134c"
Sun, 15 Dec 2024 11:45:01 GMT	"51958f2-6294d981d7e25"
Sun, 15 Dec 2024 12:45:01 GMT	"5196a93-6294e6eae9d8c"
Sun, 15 Dec 2024 13:45:01 GMT	"51958f2-6294f4544b000"
Sun, 15 Dec 2024 14:45:01 GMT	"5196a93-629501bd3fdf4"
Sun, 15 Dec 2024 15:45:01 GMT	"51958f2-62950f2716377"
Sun, 15 Dec 2024 16:45:01 GMT	"51958f2-62951c8fcc6c4"
Sun, 15 Dec 2024 17:45:01 GMT	"519bf50-629529f98492c"
Sun, 15 Dec 2024 18:45:01 GMT	"519adaf-629537626dadf"
Sun, 15 Dec 2024 19:45:02 GMT	"519bf50-629544cc41154"
Sun, 15 Dec 2024 20:45:01 GMT	"519adaf-62955234a65b4"
Sun, 15 Dec 2024 21:45:02 GMT	"519adaf-62955f9ec413d"
Sun, 15 Dec 2024 22:45:01 GMT	"519bf50-62956d077963d"
Sun, 15 Dec 2024 23:45:01 GMT	"519adaf-62957a7051b7c"
Mon, 16 Dec 2024 00:45:02 GMT	"519bf50-629587da61697"
Mon, 16 Dec 2024 01:45:03 GMT	"519adaf-6295954523674"
Mon, 16 Dec 2024 02:45:02 GMT	"519adaf-6295a2ad27278"
Mon, 16 Dec 2024 03:45:02 GMT	"519bf50-6295b01613e46"
Mon, 16 Dec 2024 04:45:02 GMT	"519adaf-6295bd7f612fd"
Mon, 16 Dec 2024 05:45:02 GMT	"519bf50-6295cae8828ef"
Mon, 16 Dec 2024 06:45:01 GMT	"519adaf-6295d85121e7d"
Mon, 16 Dec 2024 07:45:02 GMT	"519adaf-6295e5badf769"
Mon, 16 Dec 2024 08:45:02 GMT	"519bf50-6295f32431d46"
Mon, 16 Dec 2024 09:45:01 GMT	"519adaf-6296008d340e0"
Mon, 16 Dec 2024 10:45:02 GMT	"519bf50-62960df69590b"
Mon, 16 Dec 2024 11:45:01 GMT	"519d069-62961b5f81d02"
Mon, 16 Dec 2024 12:45:02 GMT	"519d069-629628c919f4a"
Mon, 16 Dec 2024 13:45:02 GMT	"519cd1d-62963632537bf"
Mon, 16 Dec 2024 14:45:01 GMT	"5198203-6296439ad84df"
Mon, 16 Dec 2024 15:45:02 GMT	"519acd4-62965104e36f2"
Mon, 16 Dec 2024 16:45:01 GMT	"5199b33-62965e6dbfbdf"
Mon, 16 Dec 2024 17:45:02 GMT	"5199d12-62966bd748182"
Mon, 16 Dec 2024 18:45:01 GMT	"519aeb3-6296794019c1a"
Mon, 16 Dec 2024 19:45:01 GMT	"5199d12-629686a933c22"
Mon, 16 Dec 2024 20:45:01 GMT	"519bfde-6296941229d03"
Mon, 16 Dec 2024 21:45:01 GMT	"519ae3d-6296a17b5876e"
Mon, 16 Dec 2024 22:45:02 GMT	"519ae3d-6296aee563c33"
Mon, 16 Dec 2024 23:45:01 GMT	"519bfde-6296bc4e1de8b"
Tue, 17 Dec 2024 00:45:02 GMT	"519ae3d-6296c9b7d30c2"
Tue, 17 Dec 2024 01:45:02 GMT	"519bfde-6296d7211a20f"
Tue, 17 Dec 2024 02:45:01 GMT	"519ae3d-6296e489dd33c"
Tue, 17 Dec 2024 03:45:01 GMT	"519d38e-6296f1f31fded"
Tue, 17 Dec 2024 04:45:01 GMT	"519e52f-6296ff5c7eac3"
Tue, 17 Dec 2024 05:45:01 GMT	"519d38e-62970cc5993e2"
Tue, 17 Dec 2024 06:45:01 GMT	"519afd1-62971a2efd591"
Tue, 17 Dec 2024 07:45:02 GMT	"519b8aa-6297279873062"
Tue, 17 Dec 2024 08:45:01 GMT	"519b8aa-62973500ee942"
Tue, 17 Dec 2024 09:45:01 GMT	"519ca4b-6297426a97416"
Tue, 17 Dec 2024 10:45:01 GMT	"519b8aa-62974fd36faed"
Tue, 17 Dec 2024 11:45:01 GMT	"519b67e-62975d3cb6b55"
Tue, 17 Dec 2024 12:45:01 GMT	"519cdc6-62976aa661581"
Tue, 17 Dec 2024 13:45:01 GMT	"51a0c1c-6297780f1bb67"
Tue, 17 Dec 2024 14:45:01 GMT	"51a2325-62978578d0186"
Tue, 17 Dec 2024 15:45:01 GMT	"51a1184-629792e172e63"
Tue, 17 Dec 2024 16:45:01 GMT	"51a2325-6297a04adbf63"
Tue, 17 Dec 2024 17:45:02 GMT	"51a017f-6297adb49b24d"
Tue, 17 Dec 2024 18:45:01 GMT	"51a03d7-6297bb1d6ec71"
Tue, 17 Dec 2024 19:45:01 GMT	"51a1578-6297c886cf24a"
Tue, 17 Dec 2024 20:45:01 GMT	"51a1469-6297d5ef9bf62"
Tue, 17 Dec 2024 21:45:01 GMT	"519e912-6297e3594c5af"
Tue, 17 Dec 2024 22:45:02 GMT	"519fab3-6297f0c2c6c21"
Tue, 17 Dec 2024 23:45:01 GMT	"519fab3-6297fe2bb2cbe"
Wed, 18 Dec 2024 00:45:02 GMT	"519e912-62980b95d07c1"
Wed, 18 Dec 2024 01:45:02 GMT	"519e914-629818fed0417"
Wed, 18 Dec 2024 02:45:01 GMT	"519fab5-629826674af8e"
Wed, 18 Dec 2024 03:45:01 GMT	"519e914-629833d01755c"
Wed, 18 Dec 2024 04:45:01 GMT	"519e914-629841397dac0"
Wed, 18 Dec 2024 05:45:01 GMT	"519fab5-62984ea2cb7d9"
Wed, 18 Dec 2024 06:45:01 GMT	"519ec3c-62985c0c61080"
Wed, 18 Dec 2024 07:45:01 GMT	"51a0214-62986975a89b7"
Wed, 18 Dec 2024 08:45:01 GMT	"519eead-629876dee7c4a"
Wed, 18 Dec 2024 09:45:02 GMT	"519eead-62988448558ce"
Wed, 18 Dec 2024 10:45:01 GMT	"51a038a-629891b0d3b43"
Wed, 18 Dec 2024 11:45:02 GMT	"519f1e9-62989f1aabffd"
Wed, 18 Dec 2024 12:45:01 GMT	"51a0a86-6298ac8387643"
Wed, 18 Dec 2024 13:45:02 GMT	"519c653-6298b9ed2beef"
Wed, 18 Dec 2024 14:45:01 GMT	"519f697-6298c756190ea"
Wed, 18 Dec 2024 15:45:01 GMT	"51a0838-6298d4bf46a54"
Wed, 18 Dec 2024 16:45:01 GMT	"519f697-6298e228c4498"
Wed, 18 Dec 2024 17:45:01 GMT	"51a07ee-6298ef91c7dbe"
Wed, 18 Dec 2024 18:45:02 GMT	"519f64d-6298fcfb7aac0"
Wed, 18 Dec 2024 19:45:01 GMT	"519f64d-62990a643f450"
Wed, 18 Dec 2024 20:45:01 GMT	"519e826-629917cd02342"
Wed, 18 Dec 2024 21:45:01 GMT	"5196547-62992536cdec4"
Wed, 18 Dec 2024 22:45:01 GMT	"519e8dd-6299329fd921d"
Wed, 18 Dec 2024 23:45:02 GMT	"519d73c-629940096d105"
Thu, 19 Dec 2024 00:45:02 GMT	"519d73c-62994d72cf1d4"
Thu, 19 Dec 2024 01:45:02 GMT	"519e8dd-62995adbd698d"
Thu, 19 Dec 2024 02:45:01 GMT	"519d73c-62996844e7b7b"
Thu, 19 Dec 2024 03:45:02 GMT	"519e8dd-629975ae4b79a"
Thu, 19 Dec 2024 04:45:01 GMT	"519d73c-6299831771aac"
Thu, 19 Dec 2024 05:45:01 GMT	"519d73c-62999080a39d4"
Thu, 19 Dec 2024 06:45:02 GMT	"519e8dd-62999dea0d5d8"
Thu, 19 Dec 2024 07:45:01 GMT	"519d73c-6299ab52c0e46"
Thu, 19 Dec 2024 08:45:01 GMT	"519e8dd-6299b8bc60a48"
Thu, 19 Dec 2024 09:45:01 GMT	"51a0009-6299c6252c536"
Thu, 19 Dec 2024 10:45:01 GMT	"51a0009-6299d38eb6c6a"
Thu, 19 Dec 2024 11:45:01 GMT	"51a11aa-6299e0f8089d1"
Thu, 19 Dec 2024 12:45:01 GMT	"519bf19-6299ee60fd924"
Thu, 19 Dec 2024 13:45:02 GMT	"519d0ba-6299fbca9c785"
Thu, 19 Dec 2024 14:45:01 GMT	"519bf19-629a093328f94"
Thu, 19 Dec 2024 15:45:01 GMT	"519b1ec-629a169cd291e"
Thu, 19 Dec 2024 16:45:02 GMT	"519bf42-629a2406642ac"
Thu, 19 Dec 2024 17:45:01 GMT	"519ada1-629a316f13b09"
Thu, 19 Dec 2024 18:45:01 GMT	"519bf42-629a3ed8162de"
Thu, 19 Dec 2024 19:45:01 GMT	"519ada1-629a4c41e4e93"
Thu, 19 Dec 2024 20:45:01 GMT	"519c886-629a59aa8a9df"
Thu, 19 Dec 2024 21:45:01 GMT	"519da27-629a6714323c0"
Thu, 19 Dec 2024 22:45:01 GMT	"519c886-629a747d9631d"
Thu, 19 Dec 2024 23:45:01 GMT	"519da27-629a81e637cec"
Fri, 20 Dec 2024 00:45:02 GMT	"519c8cd-629a8f50a64a3"
Fri, 20 Dec 2024 01:45:02 GMT	"519c8cd-629a9cb9af896"
Fri, 20 Dec 2024 02:45:02 GMT	"519fd87-629aaa2290e20"
Fri, 20 Dec 2024 03:45:01 GMT	"519ce3c-629ab78bba007"
Fri, 20 Dec 2024 04:45:01 GMT	"519dfdd-629ac4f443145"
Fri, 20 Dec 2024 05:45:01 GMT	"519ce3c-629ad25dd7bb1"
Fri, 20 Dec 2024 06:45:01 GMT	"519ce3c-629adfc6f24a7"
Fri, 20 Dec 2024 07:45:02 GMT	"519dfdd-629aed30d066f"
Fri, 20 Dec 2024 08:45:01 GMT	"519fd88-629afa99b7413"
Fri, 20 Dec 2024 09:45:01 GMT	"51a1252-629b0802c3718"
Fri, 20 Dec 2024 10:45:01 GMT	"51a23f3-629b156bdec9c"
Fri, 20 Dec 2024 11:45:01 GMT	"51a23f3-629b22d587c70"
Fri, 20 Dec 2024 12:45:01 GMT	"51a1252-629b303e20a96"
Fri, 20 Dec 2024 13:45:01 GMT	"51a23f3-629b3da7f4e22"
Fri, 20 Dec 2024 14:45:01 GMT	"51a1247-629b4b112130c"
Fri, 20 Dec 2024 15:45:01 GMT	"51a23e8-629b5879db195"
Fri, 20 Dec 2024 16:45:01 GMT	"51a23e8-629b65e39a5eb"
Fri, 20 Dec 2024 17:45:02 GMT	Sat, 21 Dec 2024 23:45:01 GMT	"51a3285-629d05a13fded"
Sun, 22 Dec 2024 00:45:02 GMT	"51a209c-629d130b95211"
Sun, 22 Dec 2024 01:45:03 GMT	"51a323d-629d2075e7e23"
Sun, 22 Dec 2024 02:45:01 GMT	"51a209c-629d2ddcc6933"
Sun, 22 Dec 2024 03:45:02 GMT	"51a209c-629d3b46e5394"
Sun, 22 Dec 2024 04:45:01 GMT	"51a323d-629d48af629ee"
Sun, 22 Dec 2024 05:45:01 GMT	"51a209c-629d5618db3fb"
Sun, 22 Dec 2024 06:45:02 GMT	"51a323d-629d63825d815"
Sun, 22 Dec 2024 07:45:01 GMT	"51a209c-629d70eb27385"
Sun, 22 Dec 2024 08:45:02 GMT	"51a20d3-629d7e54e6fcb"
Sun, 22 Dec 2024 09:45:02 GMT	"51a3274-629d8bbe3831c"
Sun, 22 Dec 2024 10:45:01 GMT	"51a20d3-629d9926cd689"
Sun, 22 Dec 2024 11:45:02 GMT	"51a3274-629da690818c0"
Sun, 22 Dec 2024 12:45:01 GMT	"51a20d3-629db3f95d066"
Sun, 22 Dec 2024 13:45:02 GMT	"51a20d3-629dc1630b732"
Sun, 22 Dec 2024 14:45:01 GMT	"51a3274-629dcecbfd546"
Sun, 22 Dec 2024 15:45:01 GMT	"51a3274-629ddc34d3ef5"
Sun, 22 Dec 2024 16:45:01 GMT	"51a20d3-629de99e42d91"
Sun, 22 Dec 2024 17:45:01 GMT	"51a3274-629df707186f7"
Sun, 22 Dec 2024 18:45:01 GMT	"51a3274-629e04709be63"
Sun, 22 Dec 2024 19:45:02 GMT	"51a20d3-629e11da80e2f"
Sun, 22 Dec 2024 20:45:01 GMT	"51a3274-629e1f4336382"
Sun, 22 Dec 2024 21:45:01 GMT	"51a20d3-629e2cacc23d3"
Sun, 22 Dec 2024 22:45:02 GMT	"51a3274-629e3a1632205"
Sun, 22 Dec 2024 23:45:01 GMT	"51a3274-629e477ec240d"
Mon, 23 Dec 2024 00:45:02 GMT	"51a20d3-629e54e8fa8e8"
Mon, 23 Dec 2024 01:45:01 GMT	"51a2d9f-629e62519f0eb"
Mon, 23 Dec 2024 02:45:01 GMT	"51a5cb6-629e6fba57851"
Mon, 23 Dec 2024 03:45:02 GMT	"51a4b15-629e7d24416e7"
Mon, 23 Dec 2024 04:45:01 GMT	"51a4b15-629e8a8d19bd1"
Mon, 23 Dec 2024 05:45:02 GMT	"51a5cb6-629e97f6a0656"
Mon, 23 Dec 2024 06:45:01 GMT	"51a5cb6-629ea55f49cd8"
Mon, 23 Dec 2024 07:45:01 GMT	"51a8403-629eb2c8b3856"
Mon, 23 Dec 2024 08:45:02 GMT	"51a95a4-629ec03257bf7"
Mon, 23 Dec 2024 09:45:01 GMT	"51abb4d-629ecd9b7961f"
Mon, 23 Dec 2024 10:45:01 GMT	"51aa9ac-629edb0460b03"
Mon, 23 Dec 2024 11:45:01 GMT	"51abb4d-629ee86d59606"
Mon, 23 Dec 2024 12:45:01 GMT	"51ad0c7-629ef5d6dbcf3"
Mon, 23 Dec 2024 13:45:01 GMT	"51ae268-629f034064148"
Mon, 23 Dec 2024 14:45:01 GMT	"51b02b5-629f10a99c305"
Mon, 23 Dec 2024 15:45:01 GMT	"51ae6ad-629f1e12a580e"
Mon, 23 Dec 2024 16:45:01 GMT	"51af84e-629f2b7b68a12"
Mon, 23 Dec 2024 17:45:01 GMT	"51ae6ad-629f38e54ee0c"
Mon, 23 Dec 2024 18:45:01 GMT	"51af84e-629f464dd704e"
Mon, 23 Dec 2024 19:45:02 GMT	"51af84e-629f53b7cfa62"
Mon, 23 Dec 2024 20:45:01 GMT	"51b0524-629f612089044"
Mon, 23 Dec 2024 21:45:02 GMT	"51b16c5-629f6e8a6f0dd"
Mon, 23 Dec 2024 22:45:01 GMT	"51b0524-629f7bf2d7261"
Mon, 23 Dec 2024 23:45:01 GMT	"51b16c5-629f895c316be"
Tue, 24 Dec 2024 00:45:02 GMT	"51b16c5-629f96c6cd1c2"
Tue, 24 Dec 2024 01:45:01 GMT	"51b0524-629fa42eed24c"
Tue, 24 Dec 2024 02:45:01 GMT	"51b16c5-629fb197c6c6e"
Tue, 24 Dec 2024 03:45:01 GMT	"51b0524-629fbf00fd8fc"
Tue, 24 Dec 2024 04:45:01 GMT	"51b16c5-629fcc6a63603"
Tue, 24 Dec 2024 05:45:01 GMT	"51b16c5-629fd9d3ef519"
Tue, 24 Dec 2024 06:45:02 GMT	"51b0524-629fe73d590cf"
Tue, 24 Dec 2024 07:45:02 GMT	"51b16c5-629ff4a689351"
Tue, 24 Dec 2024 08:45:01 GMT	"51afd7b-62a0020fb48d9"
Tue, 24 Dec 2024 09:45:01 GMT	"51b0f1b-62a00f78477ed"
Tue, 24 Dec 2024 10:45:01 GMT	"51b0f1b-62a01ce1ab6b9"
Tue, 24 Dec 2024 11:45:01 GMT	"51afd7a-62a02a4b48fbd"
Tue, 24 Dec 2024 12:45:02 GMT	"51ad546-62a037b4b2e4a"
Tue, 24 Dec 2024 13:45:01 GMT	"51ae6e7-62a0451d558a7"
Tue, 24 Dec 2024 14:45:01 GMT	"51acf74-62a05286944e7"
Tue, 24 Dec 2024 15:45:01 GMT	"51acf74-62a05ff01e396"
Tue, 24 Dec 2024 16:45:02 GMT	"51ae115-62a06d598fbf6"
Tue, 24 Dec 2024 17:45:01 GMT	"51acf74-62a07ac2111ec"
Tue, 24 Dec 2024 18:45:01 GMT	"51ae115-62a0882bb430f"
Tue, 24 Dec 2024 19:45:02 GMT	"51acf74-62a095954b2ea"
Tue, 24 Dec 2024 20:45:02 GMT	"51aae3a-62a0a2feab87e"
Tue, 24 Dec 2024 21:45:02 GMT	"51abfdb-62a0b067cffd2"
Tue, 24 Dec 2024 22:45:01 GMT	"51aae3a-62a0bdd0311bd"
Tue, 24 Dec 2024 23:45:01 GMT	"51abfdb-62a0cb398965f"
Wed, 25 Dec 2024 00:45:02 GMT	"51aae3a-62a0d8a3b4b93"
Wed, 25 Dec 2024 01:45:02 GMT	"51ad886-62a0e60d3c36c"
Wed, 25 Dec 2024 02:45:01 GMT	"51aea27-62a0f37Thu, 26 Dec 2024 00:45:02 GMT	"51ae7af-62a21a8170fc8"
Thu, 26 Dec 2024 01:45:01 GMT	"51b30d9-62a227ea015c2"
Thu, 26 Dec 2024 02:45:02 GMT	"51b30d9-62a2355355f75"
Thu, 26 Dec 2024 03:45:02 GMT	"51b1f38-62a242bc870db"
Thu, 26 Dec 2024 04:45:01 GMT	"51b30d9-62a25025bb0f0"
Thu, 26 Dec 2024 05:45:01 GMT	"51b1f38-62a25d8ed1b6c"
Thu, 26 Dec 2024 06:45:01 GMT	"51b30d9-62a26af81f190"
Thu, 26 Dec 2024 07:45:01 GMT	"51b30d6-62a278615dd8b"
Thu, 26 Dec 2024 08:45:01 GMT	"51b1f35-62a285ca66f8d"
Thu, 26 Dec 2024 09:45:01 GMT	"51b1f35-62a29333646c3"
Thu, 26 Dec 2024 10:45:01 GMT	"51b5094-62a2a09c9e8a1"
Thu, 26 Dec 2024 11:45:01 GMT	"51b4f97-62a2ae061a186"
Thu, 26 Dec 2024 12:45:01 GMT	"51b4f97-62a2bb6f26623"
Thu, 26 Dec 2024 13:45:01 GMT	"51b6138-62a2c8d89b217"
Thu, 26 Dec 2024 14:45:02 GMT	"51b4f97-62a2d642207a6"
Thu, 26 Dec 2024 15:45:01 GMT	"51b6138-62a2e3aab3a82"
Thu, 26 Dec 2024 16:45:02 GMT	"51b4f97-62a2f11498c07"
Thu, 26 Dec 2024 17:45:01 GMT	"51b4f97-62a2fe7d6f70d"
Thu, 26 Dec 2024 18:45:01 GMT	"51b6138-62a30be6607b8"
Thu, 26 Dec 2024 19:45:02 GMT	"51b6138-62a3195037ecd"
Thu, 26 Dec 2024 20:45:01 GMT	"51b4f97-62a326b951e25"
Thu, 26 Dec 2024 21:45:01 GMT	"51b6138-62a3342220b26"
Thu, 26 Dec 2024 22:45:02 GMT	"51b6138-62a3418bf4431"
Thu, 26 Dec 2024 23:45:01 GMT	"51b4f97-62a34ef4ad87e"
Fri, 27 Dec 2024 00:45:02 GMT	"51b6138-62a35c5ed1163"
Fri, 27 Dec 2024 01:45:03 GMT	"51b4f97-62a369c88386e"
Fri, 27 Dec 2024 02:45:01 GMT	"51b863c-62a377305179c"
Fri, 27 Dec 2024 03:45:02 GMT	"51b863c-62a3849a2b94c"
Fri, 27 Dec 2024 04:45:01 GMT	"51b749b-62a39202b4bca"
Fri, 27 Dec 2024 05:45:01 GMT	"51b863c-62a39f6c3bdda"
Fri, 27 Dec 2024 06:45:02 GMT	"51b7543-62a3acd5ad845"
Fri, 27 Dec 2024 07:45:01 GMT	"51b86e4-62a3ba3eb1ce1"
Fri, 27 Dec 2024 08:45:01 GMT	"51b86dc-62a3c7a787369"
Fri, 27 Dec 2024 09:45:01 GMT	"51b92a2-62a3d510d8b48"
Fri, 27 Dec 2024 10:45:01 GMT	"51ba445-62a3e27a10e57"
Fri, 27 Dec 2024 11:45:01 GMT	"51b92a4-62a3efe39e21b"
Fri, 27 Dec 2024 12:45:01 GMT	"51bb14a-62a3fd4caf57e"
Fri, 27 Dec 2024 13:45:02 GMT	"51bb14a-62a40ab6531f8"
Fri, 27 Dec 2024 14:45:02 GMT	"51b9fa9-62a4181f839cc"
Fri, 27 Dec 2024 15:45:01 GMT	"51b9fa9-62a4258888321"
Fri, 27 Dec 2024 16:45:01 GMT	"51bb14a-62a432f1570b6"
Fri, 27 Dec 2024 17:45:01 GMT	"51b9fa9-62a4405a8a8e8"
Fri, 27 Dec 2024 18:45:01 GMT	"51b9fa9-62a44dc3d19a6"
Fri, 27 Dec 2024 19:45:01 GMT	"51bb14a-62a45b2ce8ccd"
Fri, 27 Dec 2024 20:45:02 GMT	"51b9fa9-62a46896ec506"
Fri, 27 Dec 2024 21:45:01 GMT	"51b927a-62a475ff5e4ef"
Fri, 27 Dec 2024 22:45:01 GMT	"51b80d9-62a48368e59f2"
Fri, 27 Dec 2024 23:45:01 GMT	"51b80d9-62a490d2601dd"
Sat, 28 Dec 2024 00:45:02 GMT	"51b927a-62a49e3bcdee7"
Sat, 28 Dec 2024 01:45:02 GMT	"51b927a-62a4aba515dec"
Sat, 28 Dec 2024 02:45:01 GMT	"51b80d9-62a4b90db1cc3"
Sat, 28 Dec 2024 03:45:01 GMT	"51b927a-62a4c6776b5fd"
Sat, 28 Dec 2024 04:45:01 GMT	"51b927a-62a4d3dffd1b7"
Sat, 28 Dec 2024 05:45:01 GMT	"51b80d9-62a4e1495e055"
Sat, 28 Dec 2024 06:45:01 GMT	"51b80d9-62a4eeb26be12"
Sat, 28 Dec 2024 07:45:01 GMT	"51b927a-62a4fc1c528c9"
Sat, 28 Dec 2024 08:45:01 GMT	"51b80d9-62a50984d9ae4"
Sat, 28 Dec 2024 09:45:01 GMT	"51b80d9-62a516ee0cc95"
Sat, 28 Dec 2024 10:45:01 GMT	"51b927a-62a524574cb13"
Sat, 28 Dec 2024 11:45:01 GMT	"51b80d9-62a531c0be764"
Sat, 28 Dec 2024 12:45:01 GMT	"51b927a-62a53f29fe6f8"
Sat, 28 Dec 2024 13:45:02 GMT	"51b80d9-62a54c93ceeff"
Sat, 28 Dec 2024 14:45:01 GMT	"51b80d9-62a559fc89192"
Sat, 28 Dec 2024 15:45:01 GMT	"51b927a-62a56766183c2"
Sat, 28 Dec 2024 16:45:02 GMT	"51b80d9-62a574cf8f118"
Sat, 28 Dec 2024 17:45:01 GMT	"51b927a-62a582384e45c"
Sat, 28 Dec 2024 18:45:01 GMT	"51b80d9-62a58fa1a5dae"
Sat, 28 Dec 2024 19:45:01 GMT	"51b80d9-62a59d0ae2055"
Sat, 28 Dec 2024 20:45:01 GMT	"51b927a-62a5aa73fdfc8"
Sat, 28 Dec 2024 21:45:01 GMT	"51b80d9-62a5b7dd6ceb6"
Sat, 28 Dec 2024 22:45:02 GMT	"51b927a-62a5c546d4114"
Sat, 28 Dec 2024 23:45:01 GMT	"51b80d9-62a5d2afe92b2"
Sun, 29 Dec 2024 00:45:02 GMT	"51b80d9-62a5e01988f11"
Sun, 29 Dec 2024 01:45:01 GMT	"51b927a-62a5ed820586d"
Sun, 29 Dec 2024 02:45:01 GMT	"51b80d9-62a5faeb4bb18"
Sun, 29 Dec 2024 03:45:01 GMT	"51b927a-62a6085Mon, 30 Dec 2024 01:45:04 GMT	"51b80d9-62a72f61ef5db"
Mon, 30 Dec 2024 02:45:02 GMT	"51b927a-62a73cc953d26"
Mon, 30 Dec 2024 03:45:01 GMT	"51b80d9-62a74a31b1f11"
Mon, 30 Dec 2024 04:45:01 GMT	"51b927a-62a7579b5a44e"
Mon, 30 Dec 2024 05:45:02 GMT	"51b80d9-62a76504d2c8b"
Mon, 30 Dec 2024 06:45:01 GMT	"51b80d9-62a7726df2755"
Mon, 30 Dec 2024 07:45:01 GMT	"51b927a-62a77fd6a1b72"
Mon, 30 Dec 2024 08:45:02 GMT	"51b80d9-62a78d4085d9f"
Mon, 30 Dec 2024 09:45:01 GMT	"51bb1d3-62a79aa979a2d"
Mon, 30 Dec 2024 10:45:01 GMT	"51ba032-62a7a81255e50"
Mon, 30 Dec 2024 11:45:02 GMT	"51ba07e-62a7b57c3538a"
Mon, 30 Dec 2024 12:45:01 GMT	"51bb21f-62a7c2e4ff3c2"
Mon, 30 Dec 2024 13:45:01 GMT	"51ba07e-62a7d04e0b9cc"
Mon, 30 Dec 2024 14:45:01 GMT	"51bb21f-62a7ddb79eb7c"
Mon, 30 Dec 2024 15:45:01 GMT	"51ba07e-62a7eb2062c5d"
Mon, 30 Dec 2024 16:45:02 GMT	"51ba07e-62a7f88a56bd2"
Mon, 30 Dec 2024 17:45:01 GMT	"51bb21f-62a805f307748"
Mon, 30 Dec 2024 18:45:01 GMT	"51ba07e-62a8135caf2bb"
Mon, 30 Dec 2024 19:45:02 GMT	"51bb21f-62a820c62bd1c"
Mon, 30 Dec 2024 20:45:01 GMT	"51ba07e-62a82e2ec5ff4"
Mon, 30 Dec 2024 21:45:01 GMT	"51ba07e-62a83b98591c5"
Mon, 30 Dec 2024 22:45:01 GMT	"51bb21f-62a84900fa131"
Mon, 30 Dec 2024 23:45:01 GMT	"51ba07e-62a8566ac3c15"
Tue, 31 Dec 2024 00:45:03 GMT	"51bb21f-62a863d52e638"
Tue, 31 Dec 2024 01:45:03 GMT	"51ba07e-62a8713ecdcdf"
Tue, 31 Dec 2024 02:45:01 GMT	"51ba07e-62a87ea6120b4"
Tue, 31 Dec 2024 03:45:02 GMT	"51bd04b-62a88c0ff6f12"
Tue, 31 Dec 2024 04:45:01 GMT	"51bbeaa-62a89978572a7"
Tue, 31 Dec 2024 05:45:01 GMT	"51bd04b-62a8a6e1f4d76"
Tue, 31 Dec 2024 06:45:01 GMT	"51bbeaa-62a8b44acd1ec"
Tue, 31 Dec 2024 07:45:01 GMT	"51bbeaa-62a8c1b457487"
Tue, 31 Dec 2024 08:45:01 GMT	"51bd04b-62a8cf1dede74"
Tue, 31 Dec 2024 09:45:01 GMT	"51bd04b-62a8dc866a527"
Tue, 31 Dec 2024 10:45:01 GMT	"51bbeaa-62a8e9f01c911"
Tue, 31 Dec 2024 11:45:01 GMT	"51bd04b-62a8f75968516"
Tue, 31 Dec 2024 12:45:01 GMT	"51bd04b-62a904c2d257c"
Tue, 31 Dec 2024 13:45:01 GMT	"51bbeaa-62a9122bfcca9"
Tue, 31 Dec 2024 14:45:01 GMT	"51bd04b-62a91f94cd608"
Tue, 31 Dec 2024 15:45:01 GMT	"51bbeaa-62a92cfde93c0"
Tue, 31 Dec 2024 16:45:01 GMT	"51bd04b-62a93a6745973"
Tue, 31 Dec 2024 17:45:01 GMT	"51bd04b-62a947d0ee26c"
Tue, 31 Dec 2024 18:45:01 GMT	"51bbeaa-62a955399f9bf"
Tue, 31 Dec 2024 19:45:01 GMT	"51bd04b-62a962a3191d7"
Tue, 31 Dec 2024 20:45:02 GMT	"51bbeaa-62a9700cd3332"
Tue, 31 Dec 2024 21:45:01 GMT	"51bd04b-62a97d7582951"
Tue, 31 Dec 2024 22:45:01 GMT	"51bd04b-62a98adefd0df"
Tue, 31 Dec 2024 23:45:01 GMT	"51bbeaa-62a99847dc177"
Wed, 01 Jan 2025 00:45:02 GMT	"51bd04b-62a9a5b1f3d61"
Wed, 01 Jan 2025 01:45:03 GMT	"51bbeaa-62a9b31c234ae"
Wed, 01 Jan 2025 02:45:02 GMT	"51bd04b-62a9c0844335c"
Wed, 01 Jan 2025 03:45:01 GMT	"51bd04b-62a9cdecfe272"
Wed, 01 Jan 2025 04:45:01 GMT	"51bbeaa-62a9db568021b"
Wed, 01 Jan 2025 05:45:02 GMT	"51bbeaa-62a9e8bfc6c45"
Wed, 01 Jan 2025 06:45:02 GMT	"51bd04b-62a9f6292693b"
Wed, 01 Jan 2025 07:45:01 GMT	"51bbeaa-62aa0391c320d"
Wed, 01 Jan 2025 08:45:01 GMT	"51bbeaa-62aa10fb24d7f"
Wed, 01 Jan 2025 09:45:02 GMT	"51bd04b-62aa1e64ca0ca"
Wed, 01 Jan 2025 10:45:01 GMT	"51bbeaa-62aa2bcd61d75"
Wed, 01 Jan 2025 11:45:02 GMT	"51bd04b-62aa39373e171"
Wed, 01 Jan 2025 12:45:01 GMT	"51bbebe-62aa469ffd13c"
Wed, 01 Jan 2025 13:45:01 GMT	"51bbebe-62aa5408d89d7"
Wed, 01 Jan 2025 14:45:01 GMT	"51bd05f-62aa6172c0850"
Wed, 01 Jan 2025 15:45:01 GMT	"51bbebe-62aa6edb79d41"
Wed, 01 Jan 2025 16:45:02 GMT	"51bd05f-62aa7c455fdd7"
Wed, 01 Jan 2025 17:45:01 GMT	"51bbebe-62aa89ae0f81d"
Wed, 01 Jan 2025 18:45:01 GMT	"51bbebe-62aa971755779"
Wed, 01 Jan 2025 19:45:01 GMT	"51bd05f-62aaa480afecd"
Wed, 01 Jan 2025 20:45:01 GMT	"51bbebe-62aab1e97bcb1"
Wed, 01 Jan 2025 21:45:01 GMT	"51be2cc-62aabf532442e"
Wed, 01 Jan 2025 22:45:02 GMT	"51bd08f-62aaccbca7ac7"
Wed, 01 Jan 2025 23:45:01 GMT	"51bd08f-62aada254f51f"
Thu, 02 Jan 2025 00:45:01 GMT	"51be230-62aae78eed0ee"
Thu, 02 Jan 2025 01:45:01 GMT	"51bd08f-62aaf4f7ce9de"
Thu, 02 Jan 2025 02:45:01 GMT	"51be230-62ab026134dc2"
Thu, 02 Jan 2025 03:45:02 GMT	"51bb2e1-62ab0fcadcf05"
Thu, 02 Jan 2025 04:45:02 GMT	"51bb2e1-62ab1d3Wed, 08 Jan 2025 13:45:01 GMT	"51cad5b-62b321178a49f"
Wed, 08 Jan 2025 14:45:01 GMT	"51cbefc-62b32e80ad351"
Wed, 08 Jan 2025 15:45:02 GMT	"51cbf5a-62b33bea5adc4"
Wed, 08 Jan 2025 16:45:01 GMT	"51cadb9-62b34953155b2"
Wed, 08 Jan 2025 17:45:01 GMT	"51cadb9-62b356bc12345"
Wed, 08 Jan 2025 18:45:01 GMT	"51cbf5a-62b3642569c17"
Wed, 08 Jan 2025 19:45:01 GMT	"51cadb9-62b3718ed1cda"
Wed, 08 Jan 2025 20:45:01 GMT	"51c7b88-62b37ef8247e9"
Wed, 08 Jan 2025 21:45:01 GMT	"51c8d29-62b38c615dca6"
Wed, 08 Jan 2025 22:45:01 GMT	"51c8d29-62b399caa7c5c"
Wed, 08 Jan 2025 23:45:02 GMT	"51c7b88-62b3a7341d6bb"
Thu, 09 Jan 2025 00:45:29 GMT	"51c8d29-62b3b4b7277f3"
Thu, 09 Jan 2025 01:45:02 GMT	"51c8d29-62b3c20761f28"
Thu, 09 Jan 2025 02:45:01 GMT	"51c7b88-62b3cf6fa733b"
Thu, 09 Jan 2025 03:45:02 GMT	"51c8d29-62b3dcd916361"
Thu, 09 Jan 2025 04:45:01 GMT	"51c7b88-62b3ea4219859"
Thu, 09 Jan 2025 05:45:01 GMT	"51c8d29-62b3f7aacbdf3"
Thu, 09 Jan 2025 06:45:02 GMT	"51c8d29-62b40514d6f55"
Thu, 09 Jan 2025 07:45:01 GMT	"51c7b88-62b4127d3146d"
Thu, 09 Jan 2025 08:45:01 GMT	"51c8e07-62b41fe6d6ca5"
Thu, 09 Jan 2025 09:45:01 GMT	"51c7a03-62b42d4fd85eb"
Thu, 09 Jan 2025 10:45:02 GMT	"51ca236-62b43ab9c85b1"
Thu, 09 Jan 2025 11:45:01 GMT	"51ca236-62b448223f5c1"
Thu, 09 Jan 2025 12:45:01 GMT	"51cd607-62b4558b9adf7"
Thu, 09 Jan 2025 13:45:02 GMT	"51ce7a3-62b462f55612b"
Thu, 09 Jan 2025 14:45:01 GMT	"51cc906-62b4705e63897"
Thu, 09 Jan 2025 15:45:01 GMT	"51cdaaf-62b47dc712395"
Thu, 09 Jan 2025 16:45:01 GMT	"51d0006-62b48b307a767"
Thu, 09 Jan 2025 17:45:01 GMT	"51cee65-62b4989a01f45"
Thu, 09 Jan 2025 18:45:01 GMT	"51d0006-62b4a6033f4e3"
Thu, 09 Jan 2025 19:45:01 GMT	"51cee65-62b4b36c3cfcd"
Thu, 09 Jan 2025 20:45:02 GMT	"51d1882-62b4c0d5d714f"
Thu, 09 Jan 2025 21:45:02 GMT	"51d1882-62b4ce3f18410"
Thu, 09 Jan 2025 22:45:01 GMT	"51d06e1-62b4dba7c2fa5"
Thu, 09 Jan 2025 23:45:01 GMT	"51d1882-62b4e9113892d"
Fri, 10 Jan 2025 00:45:35 GMT	"51d06e1-62b4f69a58639"
Fri, 10 Jan 2025 01:45:05 GMT	"51d1882-62b503e71d173"
Fri, 10 Jan 2025 02:45:06 GMT	"51d1882-62b511510c532"
Fri, 10 Jan 2025 03:45:01 GMT	"51d06e1-62b51eb66165c"
Fri, 10 Jan 2025 04:45:01 GMT	"51d3d7f-62b52c1f38c0a"
Fri, 10 Jan 2025 05:45:01 GMT	"51d2bde-62b53988bebde"
Fri, 10 Jan 2025 06:45:02 GMT	"51d3d7f-62b546f22b714"
Fri, 10 Jan 2025 07:45:02 GMT	"51d6231-62b5545b8ba7f"
Fri, 10 Jan 2025 08:45:01 GMT	"51d5090-62b561c4516ae"
Fri, 10 Jan 2025 09:45:02 GMT	"51d6287-62b56f2dd4d7a"
Fri, 10 Jan 2025 10:45:01 GMT	"51d50e6-62b57c96b05a9"
Fri, 10 Jan 2025 11:45:01 GMT	"51d6287-62b589ffd703e"
Fri, 10 Jan 2025 12:45:01 GMT	"51d6287-62b597692ba95"
Fri, 10 Jan 2025 13:45:01 GMT	"51d50e6-62b5a4d210e66"
Fri, 10 Jan 2025 14:45:02 GMT	"51d6287-62b5b23c07b07"
Fri, 10 Jan 2025 15:45:01 GMT	"51d50e6-62b5bfa4db582"
Fri, 10 Jan 2025 16:45:01 GMT	"51d64fc-62b5cd0de4c9d"
Fri, 10 Jan 2025 17:45:01 GMT	"51d64c5-62b5da778d91b"
Fri, 10 Jan 2025 18:45:01 GMT	"51d5324-62b5e7e059923"
Fri, 10 Jan 2025 19:45:01 GMT	"51d64c5-62b5f54965fd5"
Fri, 10 Jan 2025 20:45:01 GMT	"51d5324-62b602b333b3d"
Fri, 10 Jan 2025 21:45:01 GMT	"51d64c5-62b6101c1fcd3"
Fri, 10 Jan 2025 22:45:01 GMT	"51d64c5-62b61d8583017"
Fri, 10 Jan 2025 23:45:01 GMT	"51d5324-62b62aee4ccc1"
Sat, 11 Jan 2025 00:45:07 GMT	"51d64d4-62b6385d3f05c"
Sat, 11 Jan 2025 01:45:02 GMT	"51d5333-62b645c20e675"
Sat, 11 Jan 2025 02:45:02 GMT	"51d594d-62b6532b22b3b"
Sat, 11 Jan 2025 03:45:02 GMT	"51d594d-62b66093f598e"
Sat, 11 Jan 2025 04:45:02 GMT	"51d47ac-62b66dfd384e9"
Sat, 11 Jan 2025 05:45:01 GMT	"51d47ac-62b67b659b684"
Sat, 11 Jan 2025 06:45:01 GMT	"51d594d-62b688ced7826"
Sat, 11 Jan 2025 07:45:01 GMT	"51d47ac-62b696387f0ff"
Sat, 11 Jan 2025 08:45:01 GMT	"51d47ac-62b6a3a1f47f4"
Sat, 11 Jan 2025 09:45:01 GMT	"51d594d-62b6b10a7f9ae"
Sat, 11 Jan 2025 10:45:01 GMT	"51d47ac-62b6be7425168"
Sat, 11 Jan 2025 11:45:01 GMT	"51d594d-62b6cbdd54860"
Sat, 11 Jan 2025 12:45:01 GMT	"51d47ac-62b6d946cdf37"
Sat, 11 Jan 2025 13:45:02 GMT	"51d47ac-62b6e6b057296"
Sat, 11 Jan 2025 14:45:01 GMT	"51d594d-62b6f4194fe75"
Sat, 11 Jan 2025 15:45:01 GMT	"51d47ac-62b7018297c0d"
Sat, 11 Jan 2025 16:45:01 GMT	"51d594d-62b70eeb3e72b"
Sat, 11 Jan 2025 17:45:01 GMT	"51cf2ef-62b71c54f1c02"
Sat, 11 Jan 2025 18:45:01 GMT	"51cf2ef-62b729be449bb"
Sat, 11 Jan 2025 19:45:01 GMT	"51d0490-62b7372763922"
Sat, 11 Jan 2025 20:45:01 GMT	"51d0490-62b74490719a8"
Sat, 11 Jan 2025 21:45:01 GMT	"51cf2ef-62b751f99076a"
Sat, 11 Jan 2025 22:45:01 GMT	"51d0490-62b75f6294eb9"
Sat, 11 Jan 2025 23:45:01 GMT	"51d0490-62b76ccc425d8"
Sun, 12 Jan 2025 00:45:06 GMT	"51cf2ef-62b77a39c8f6c"
Sun, 12 Jan 2025 01:45:17 GMT	"51cf2ef-62b787ae1c86d"
Sun, 12 Jan 2025 02:45:05 GMT	"51d0490-62b7950ba48ba"
Sun, 12 Jan 2025 03:45:02 GMT	"51cf2ef-62b7a27192060"
Sun, 12 Jan 2025 04:45:01 GMT	"51cf2ef-62b7afd9fc07c"
Sun, 12 Jan 2025 05:45:01 GMT	"51d0490-62b7bd4351518"
Sun, 12 Jan 2025 06:45:01 GMT	"51cf2ef-62b7caacbe2a8"
Sun, 12 Jan 2025 07:45:01 GMT	"51d0490-62b7d81643603"
Sun, 12 Jan 2025 08:45:01 GMT	"51cf2ef-62b7e57f006b1"
Sun, 12 Jan 2025 09:45:02 GMT	"51cf2ef-62b7f2e8bb46b"
Sun, 12 Jan 2025 10:45:01 GMT	"51d0490-62b8005147757"
Sun, 12 Jan 2025 11:45:01 GMT	"51cf2ef-62b80dba8768f"
Sun, 12 Jan 2025 12:45:01 GMT	"51d0490-62b81b2439cba"
Sun, 12 Jan 2025 13:45:02 GMT	"51cf2ef-62b8288dbe3de"
Sun, 12 Jan 2025 14:45:01 GMT	"51cf2ef-62b835f62088b"
Sun, 12 Jan 2025 15:45:01 GMT	"51d0490-62b8435fed29b"
Sun, 12 Jan 2025 16:45:01 GMT	"51cf2ef-62b850c8e7e75"
Sun, 12 Jan 2025 17:45:01 GMT	"51d0490-62b85e324d183"
Sun, 12 Jan 2025 18:45:01 GMT	"51cf2ef-62b86b9b43f76"
Sun, 12 Jan 2025 19:45:01 GMT	"51cf2ef-62b87904d02b8"
Sun, 12 Jan 2025 20:45:02 GMT	"51d0490-62b8866e509bc"
Sun, 12 Jan 2025 21:45:01 GMT	"51cf2ef-62b893d74c42d"
Sun, 12 Jan 2025 22:45:02 GMT	"51d0490-62b8a140dd3c2"
Sun, 12 Jan 2025 23:45:01 GMT	"51cf2ef-62b8aea97df3f"
Mon, 13 Jan 2025 00:45:03 GMT	"0-62b8bc1434c1f"
Mon, 13 Jan 2025 01:45:20 GMT	"51d577e-62b8c98e4fcf3"
Mon, 13 Jan 2025 02:45:03 GMT	"51d45dd-62b8d6e69ac66"
Mon, 13 Jan 2025 03:45:01 GMT	"51d577e-62b8e44e821de"
Mon, 13 Jan 2025 04:45:01 GMT	"51d577e-62b8f1b754b40"
Mon, 13 Jan 2025 05:45:01 GMT	"51d45dd-62b8ff20fee63"
Mon, 13 Jan 2025 06:45:02 GMT	"51d577e-62b90c8aa04b2"
Mon, 13 Jan 2025 07:45:01 GMT	"51d45dd-62b919f33d079"
Mon, 13 Jan 2025 08:45:01 GMT	"51d59eb-62b9275cde31b"
Mon, 13 Jan 2025 09:45:01 GMT	"51d4188-62b934c5cdca3"
Mon, 13 Jan 2025 10:45:01 GMT	"51d2fe7-62b9422f05acd"
Mon, 13 Jan 2025 11:45:01 GMT	"51d4180-62b94f98291aa"
Mon, 13 Jan 2025 12:45:01 GMT	"51d0ded-62b95d0171adb"
Mon, 13 Jan 2025 13:45:01 GMT	"51d1f8e-62b96a6b01c73"
Mon, 13 Jan 2025 14:45:01 GMT	"51d9407-62b977d3bded8"
Mon, 13 Jan 2025 15:45:01 GMT	"51d8266-62b9853d2bf70"
Mon, 13 Jan 2025 16:45:01 GMT	"51d9407-62b992a6ae7bf"
Mon, 13 Jan 2025 17:45:01 GMT	"51d8266-62b9a00f6ea5e"
Mon, 13 Jan 2025 18:45:01 GMT	"51d9407-62b9ad790d86f"
Mon, 13 Jan 2025 19:45:01 GMT	"51d9407-62b9bae230550"
Mon, 13 Jan 2025 20:45:01 GMT	"51d7b96-62b9c84b186f0"
Mon, 13 Jan 2025 21:45:01 GMT	"51d8d37-62b9d5b4df1a0"
Mon, 13 Jan 2025 22:45:01 GMT	"51d7b96-62b9e31db785c"
Mon, 13 Jan 2025 23:45:01 GMT	"51d8d37-62b9f086b119e"
Tue, 14 Jan 2025 00:45:33 GMT	"51d8d37-62b9fe0e91b04"
Tue, 14 Jan 2025 01:45:05 GMT	"51d6b09-62ba0b5d09868"
Tue, 14 Jan 2025 02:45:03 GMT	"51d6b08-62ba18c432199"
Tue, 14 Jan 2025 03:45:02 GMT	"51d7ca9-62ba262c89723"
Tue, 14 Jan 2025 04:45:01 GMT	"51d6b08-62ba339536a23"
Tue, 14 Jan 2025 05:45:01 GMT	"51d7fc4-62ba40fe90b4e"
Tue, 14 Jan 2025 06:45:01 GMT	"51dad62-62ba4e67999bf"
Tue, 14 Jan 2025 07:45:01 GMT	"51dae73-62ba5bd07f90f"
Tue, 14 Jan 2025 08:45:01 GMT	"51dd86a-62ba6939f1363"
Tue, 14 Jan 2025 09:45:01 GMT	"51dea0b-62ba76a357088"
Tue, 14 Jan 2025 10:45:01 GMT	"51dea0b-62ba840cb636f"
Tue, 14 Jan 2025 11:45:02 GMT	"51dd86a-62ba917636b1f"
Tue, 14 Jan 2025 12:45:02 GMT	"51dfae1-62ba9edf5974d"
Tue, 14 Jan 2025 13:45:01 GMT	"51e0c82-62baac48011b8"
Tue, 14 Jan 2025 14:45:01 GMT	"51e2cab-62bab9b131844"
Tue, 14 Jan 2025 15:45:01 GMT	"51e2e5d-62bac71a9b6ce"
Tue, 14 Jan 2025 16:45:01 GMT	"51e40ff-62bad48433293"
Tue, 14 Jan 2025 17:45:02 GMT	"51e40ff-62bae1ed9a4df"
Tue, 14 Jan 2025 18:45:01 GMT	"51e2f5e-62baef56518ed"
Tue, 14 Jan 2025 19:45:01 GMT	"51e40ff-62bafcbf3a9c9"
Tue, 14 Jan 2025 20:45:01 GMT	"51e577f-62bb0a289bd3c"
Tue, 14 Jan 2025 21:45:01 GMT	"51e45de-62bb1791f90d1"
Tue, 14 Jan 2025 22:45:01 GMT	"51e577f-62bb24fb855df"
Tue, 14 Jan 2025 23:45:01 GMT	"51e45de-62bb32644e1d0"
Wed, 15 Jan 2025 00:45:08 GMT	"51e577f-62bb3fd41a0ab"
Wed, 15 Jan 2025 01:45:05 GMT	"51e55e3-62bb4d3aa8b35"
Wed, 15 Jan 2025 02:45:02 GMT	"51e223c-62bb5aa12ca53"
Wed, 15 Jan 2025 03:45:01 GMT	"51e223c-62bb680919f75"
Wed, 15 Jan 2025 04:45:01 GMT	"51e33d8-62bb7572c60ca"
Wed, 15 Jan 2025 05:45:01 GMT	"51e4155-62bb82db99569"
Wed, 15 Jan 2025 06:45:01 GMT	"51e5f46-62bb90452fdf0"
Wed, 15 Jan 2025 07:45:02 GMT	"51e709e-62bb9daeaffa9"
Wed, 15 Jan 2025 08:45:02 GMT	"51e5e81-62bbab17f885d"
Wed, 15 Jan 2025 09:45:01 GMT	"51e9039-62bbb880aea72"
Wed, 15 Jan 2025 10:45:02 GMT	"51e7e98-62bbc5ea67b54"
Wed, 15 Jan 2025 11:45:02 GMT	"51e5d32-62bbd3538f45f"
Wed, 15 Jan 2025 12:45:01 GMT	"51e6f6e-62bbe0bc34033"
Wed, 15 Jan 2025 13:45:01 GMT	"51e5dcd-62bbee256340d"
Wed, 15 Jan 2025 14:45:02 GMT	"51e6f6e-62bbfb8f71364"
Wed, 15 Jan 2025 15:45:01 GMT	"51e6fb7-62bc08f875602"
Wed, 15 Jan 2025 16:45:01 GMT	"51e6fee-62bc166176718"
Wed, 15 Jan 2025 17:45:01 GMT	"51e6590-62bc23ca98271"
Wed, 15 Jan 2025 18:45:02 GMT	"51e4e21-62bc3134e6b7a"
Wed, 15 Jan 2025 19:45:02 GMT	"51e545f-62bc3e9d85822"
Wed, 15 Jan 2025 20:45:01 GMT	"51c6b74-62bc4c05fb3ff"
Wed, 15 Jan 2025 21:45:01 GMT	"51e7cb1-62bc596f1ce35"
Wed, 15 Jan 2025 22:45:01 GMT	"51e545f-62bc66d90c91e"
Wed, 15 Jan 2025 23:45:01 GMT	"51e7cb1-62bc74424769d"
Thu, 16 Jan 2025 00:45:32 GMT	"51e26ff-62bc81c8a0b05"
Thu, 16 Jan 2025 01:45:05 GMT	"51e7cc2-62bc8f187aeff"
Thu, 16 Jan 2025 02:45:05 GMT	"51e6611-62bc9c813a49f"
Thu, 16 Jan 2025 03:45:02 GMT	"51e6b21-62bca9e741140"
Thu, 16 Jan 2025 04:45:01 GMT	"51e6611-62bcb74fe5528"
Thu, 16 Jan 2025 05:45:01 GMT	"51db0ff-62bcc4b99de3f"
Thu, 16 Jan 2025 06:45:02 GMT	"51e08dc-62bcd222efed7"
Thu, 16 Jan 2025 07:45:02 GMT	"51e1723-62bcdf8c2d8a4"
Thu, 16 Jan 2025 08:45:01 GMT	"51dbdea-62bcecf54e039"
Thu, 16 Jan 2025 09:45:01 GMT	"51e5c09-62bcfa5e23462"
Thu, 16 Jan 2025 10:45:02 GMT	"51e1bf0-62bd07c7e2e9b"
Thu, 16 Jan 2025 11:45:01 GMT	"51e448a-62bd1530ab6a8"
Thu, 16 Jan 2025 12:45:01 GMT	"51e731a-62bd229984b50"
Thu, 16 Jan 2025 13:45:01 GMT	"51e1bf0-62bd3002f65d0"
Thu, 16 Jan 2025 14:45:02 GMT	"51e2d91-62bd3d6ce8d40"
Thu, 16 Jan 2025 15:45:01 GMT	"51e20ec-62bd4ad5d5956"
Thu, 16 Jan 2025 16:45:02 GMT	"51db1a4-62bd583f4a221"
Thu, 16 Jan 2025 17:45:01 GMT	"51ca13e-62bd65a826692"
Thu, 16 Jan 2025 18:45:01 GMT	"51e6e79-62bd7311162ab"
Thu, 16 Jan 2025 19:45:01 GMT	"51e801a-62bd807abf87c"
Thu, 16 Jan 2025 20:45:01 GMT	"51e92ed-62bd8de38cfe8"
Thu, 16 Jan 2025 21:45:01 GMT	"51ea48e-62bd9b4d16194"
Thu, 16 Jan 2025 22:45:01 GMT	"51ea48e-62bda8b60bd35"
Thu, 16 Jan 2025 23:45:01 GMT	"51e92ed-62bdb61f3320b"
Fri, 17 Jan 2025 00:45:09 GMT	"51ea48e-62bdc39078993"
Fri, 17 Jan 2025 01:45:02 GMT	"51e92ed-62bdd0f2d7b57"
Fri, 17 Jan 2025 02:45:12 GMT	"51ea48e-62bdde65a47fb"
Fri, 17 Jan 2025 03:45:02 GMT	"51ea48e-62bdebc4b112a"
Fri, 17 Jan 2025 04:45:01 GMT	"51e92ed-62bdf92d5b717"
Fri, 17 Jan 2025 05:45:02 GMT	"51ea48e-62be069745110"
Fri, 17 Jan 2025 06:45:02 GMT	"51e92ed-62be140085cf5"
Fri, 17 Jan 2025 07:45:02 GMT	"51ea48e-62be2169ac1e6"
Fri, 17 Jan 2025 08:45:02 GMT	"51ea48e-62be2ed305d3d"
Fri, 17 Jan 2025 09:45:01 GMT	"51ea52f-62be3c3b99a53"
Fri, 17 Jan 2025 10:45:01 GMT	"51ed258-62be49a4c1104"
Fri, 17 Jan 2025 11:45:02 GMT	"51ec1d7-62be570e98495"
Fri, 17 Jan 2025 12:45:01 GMT	"5212bf4-62be647771afa"
Fri, 17 Jan 2025 13:45:01 GMT	"5212bf4-62be71e0e2642"
Fri, 17 Jan 2025 14:45:02 GMT	"5211a53-62be7f4a5210c"
Fri, 17 Jan 2025 15:45:01 GMT	"5211a53-62be8cb318f73"
Fri, 17 Jan 2025 16:45:01 GMT	"5212c18-62be9a1c7ede8"
Fri, 17 Jan 2025 17:45:01 GMT	"5211a77-62bea785b6dd3"
Fri, 17 Jan 2025 18:45:01 GMT	"5211a77-62beb4ee9bee4"
Fri, 17 Jan 2025 19:45:01 GMT	"5212c18-62bec257ded57"
Fri, 17 Jan 2025 20:45:01 GMT	"5211a77-62becfc0dc44e"
Fri, 17 Jan 2025 21:45:01 GMT	"5212c18-62bedd2a0c85a"
Fri, 17 Jan 2025 22:45:01 GMT	"5211a77-62beea9394940"
Fri, 17 Jan 2025 23:45:02 GMT	"5211a77-62bef7fd64e9e"
Sat, 18 Jan 2025 00:45:10 GMT	"5212c18-62bf056e2c9a9"
Sat, 18 Jan 2025 01:45:02 GMT	"5212c18-62bf12cfef6ed"
Sat, 18 Jan 2025 02:45:09 GMT	"5211a77-62bf204063732"
Sat, 18 Jan 2025 03:45:02 GMT	"5212c18-62bf2da241862"
Sat, 18 Jan 2025 04:45:02 GMT	"5212c18-62bf3b0b60f9c"
Sat, 18 Jan 2025 05:45:02 GMT	"5211a77-62bf487493fc1"
Sat, 18 Jan 2025 06:45:01 GMT	"5211a77-62bf55dd8856d"
Sat, 18 Jan 2025 07:45:02 GMT	"5212c18-62bf634722d73"
Sat, 18 Jan 2025 08:45:01 GMT	"5211a77-62bf70af9e226"
Sat, 18 Jan 2025 09:45:01 GMT	"5211a77-62bf7e1935a60"
Sat, 18 Jan 2025 10:45:01 GMT	"5212c18-62bf8b8254280"
Sat, 18 Jan 2025 11:45:01 GMT	"5211a77-62bf98eb3931d"
Sat, 18 Jan 2025 12:45:01 GMT	"5212c18-62bfa654bd85f"
Sat, 18 Jan 2025 13:45:02 GMT	"5211a77-62bfb3be85e18"
Sat, 18 Jan 2025 14:45:01 GMT	"5211a77-62bfc1278b0c9"
Sat, 18 Jan 2025 15:45:01 GMT	"5212c18-62bfce9082a73"
Sat, 18 Jan 2025 16:45:01 GMT	"5211a77-62bfdbf96aaea"
Sat, 18 Jan 2025 17:45:01 GMT	"5212c18-62bfe962cae51"
Sat, 18 Jan 2025 18:45:01 GMT	"52bf5cf-62bff6cc87c64"
Sat, 18 Jan 2025 19:45:01 GMT	"52bf5cf-62c0043592e3a"
Sat, 18 Jan 2025 20:45:02 GMT	"52c0770-62c0119f29ca7"
Sat, 18 Jan 2025 21:45:01 GMT	"52c0770-62c01f0782355"
Sat, 18 Jan 2025 22:45:01 GMT	"52bf5cf-62c02c70e734b"
Sat, 18 Jan 2025 23:45:01 GMT	"52c0770-62c039da88d62"
Sun, 19 Jan 2025 00:45:05 GMT	"52c0770-62c0474729efe"
Sun, 19 Jan 2025 01:45:04 GMT	"52bf5cf-62c054afa68ce"
Sun, 19 Jan 2025 02:45:03 GMT	"52bf5cf-62c0621794cfc"
Sun, 19 Jan 2025 03:45:02 GMT	"52be95a-62c06f7feb87f"
Sun, 19 Jan 2025 04:45:02 GMT	"52bd7b9-62c07ce901641"
Sun, 19 Jan 2025 05:45:01 GMT	"52bd7b9-62c08a51edd4f"
Sun, 19 Jan 2025 06:45:01 GMT	"52be95a-62c097bb05850"
Sun, 19 Jan 2025 07:45:01 GMT	"52bd7b9-62c0a5246e4fc"
Sun, 19 Jan 2025 08:45:01 GMT	"52be95a-62c0b28d76696"
Sun, 19 Jan 2025 09:45:01 GMT	"52bd7b9-62c0bff6f1bd1"
Sun, 19 Jan 2025 10:45:01 GMT	"52bd7b9-62c0cd5ff61e4"
Sun, 19 Jan 2025 11:45:01 GMT	"52be95a-62c0dac8eacce"
Sun, 19 Jan 2025 12:45:01 GMT	"52bd7b9-62c0e8320397b"
Sun, 19 Jan 2025 13:45:02 GMT	"52be95a-62c0f59bfffd5"
Sun, 19 Jan 2025 14:45:02 GMT	"52bd7b9-62c1030544b77"
Sun, 19 Jan 2025 15:45:01 GMT	"52bd7b9-62c1106d944f2"
Sun, 19 Jan 2025 16:45:02 GMT	"52be95a-62c11dd7aeefc"
Sun, 19 Jan 2025 17:45:01 GMT	"52bd7b9-62c12b408c6a9"
Sun, 19 Jan 2025 18:45:01 GMT	"52be95a-62c138a948803"
Sun, 19 Jan 2025 19:45:01 GMT	"52bd7b9-62c14612894ac"
Sun, 19 Jan 2025 20:45:01 GMT	"52bd7b9-62c1537c723cf"
Sun, 19 Jan 2025 21:45:01 GMT	"52be95a-62c160e590fd5"
Sun, 19 Jan 2025 22:45:01 GMT	"52bd7b9-62c16e4e770b6"
Sun, 19 Jan 2025 23:45:01 GMT	"52be95a-62c17bb807e68"
Mon, 20 Jan 2025 00:45:30 GMT	"52bd7b9-62c1893cb7d9a"
Mon, 20 Jan 2025 01:45:05 GMT	"52bd7b9-62c1968d77022"
Mon, 20 Jan 2025 02:45:02 GMT	"52be95a-62c1a3f4aca0d"
Mon, 20 Jan 2025 03:45:01 GMT	"52be8cb-62c1b15c6cebd"
Mon, 20 Jan 2025 04:45:01 GMT	"52bd72a-62c1bec5e5a5a"
Mon, 20 Jan 2025 05:45:01 GMT	"52be8cb-62c1cc2f23c75"
Mon, 20 Jan 2025 06:45:01 GMT	"52be8cb-62c1d9983491e"
Mon, 20 Jan 2025 07:45:01 GMT	"52bd72a-62c1e7015be7b"
Mon, 20 Jan 2025 08:45:01 GMT	"52be8cb-62c1f46ad1610"
Mon, 20 Jan 2025 09:45:01 GMT	"52bd72a-62c201d3e64d8"
Mon, 20 Jan 2025 10:45:04 GMT	"52be9d6-62c20f400cb15"
Mon, 20 Jan 2025 11:45:04 GMT	"52bebec-62c21ca926a71"
Mon, 20 Jan 2025 12:45:04 GMT	"52bda4b-62c22a12cf603"
Mon, 20 Jan 2025 13:45:04 GMT	"52bda4b-62c2377c185cf"
Mon, 20 Jan 2025 14:45:04 GMT	"52bebec-62c244e4df815"
Mon, 20 Jan 2025 15:45:05 GMT	"52bd36a-62c2524ec58a2"
Mon, 20 Jan 2025 16:45:04 GMT	"52bd36a-62c25fb77be77"
Mon, 20 Jan 2025 17:45:04 GMT	"52c08a7-62c26d20e12dd"
Mon, 20 Jan 2025 18:45:04 GMT	"52c093d-62c27a8a16792"
Mon, 20 Jan 2025 19:45:04 GMT	"52bf79c-62c287f34db69"
Mon, 20 Jan 2025 20:45:04 GMT	"52c093d-62c2955bf9641"
Mon, 20 Jan 2025 21:45:04 GMT	"52c093d-62c2a2c590742"
Mon, 20 Jan 2025 22:45:04 GMT	"52bf79c-62c2b02efeec4"
Mon, 20 Jan 2025 23:45:04 GMT	"52c1bbb-62c2bd985852b"
